title,company,location,link
Jr. SOC Analyst,"Solutions Granted, Inc.","Woodbridge, VA",https://www.indeed.com/viewjob?jk=5ce1dc6644bfd70b
Python Developer,Systemonex INC,"New York, NY",https://www.indeed.com/viewjob?jk=261a6748688d29d6
Python Developer,Systech Corp,Remote,https://www.indeed.com/viewjob?jk=4d6e2b42ed19c1ec
Temporary Engineering Aide/Technician (2020),"Dominion Engineering, Inc.","Reston, VA",https://www.indeed.com/viewjob?jk=6a76dd5246b117f2
Software Engineer to Join a Growing Legal Tech Startup,"BlackBoiler, Inc.","Arlington, VA",https://www.indeed.com/viewjob?jk=9685f31980935c59
Senior Python Developer,eMoney Advisor,Remote,https://www.indeed.com/viewjob?jk=b59a2281d58eefdf
Senior Python Developer,SilverOnyx,"Bluffdale, UT",https://www.indeed.com/viewjob?jk=7e9714a23fb26db2
Python Developer,RhinoCorps,"Albuquerque, NM",https://www.indeed.com/viewjob?jk=ef4a3a9ac86d112e
Computer Programmer,Symbrium Inc,"West Columbia, SC",https://www.indeed.com/viewjob?jk=531785eae1463ba3
Jr. SOC Analyst,"Solutions Granted, Inc.","Woodbridge, VA",https://www.indeed.com/viewjob?jk=5ce1dc6644bfd70b
Python & Django,Launch Potato,Florida,https://www.indeed.com/viewjob?jk=eed0b5a7daa1ac2d
Python Developer (Manufacturing ERP in Django),Sprout (Quark Enterprises),"Provo, UT",https://www.indeed.com/viewjob?jk=c77ee607ec9c8bf8
Python Engineer (All Levels),Flashpoint,New York State,https://www.indeed.com/viewjob?jk=5f4b7ed5dba1cb4e
Entry Level Python Developer / Jr. Python Developer,KesarWeb,"California City, CA",https://www.indeed.com/viewjob?jk=009e154a57fb37cd
Python developer,Ace-stack LLC,Virginia,https://www.indeed.com/viewjob?jk=e7ff3008632225d7
Python Developer Intern,OXO Solutions,"Ruby, SC",https://www.indeed.com/viewjob?jk=84a541c104b5b24c
"MACHINE LEARNING ENGINEER - PYTHON, TENSORFLOW",InspiHER Tech,United States,https://www.indeed.com/viewjob?jk=a754b1fae51c41d2
Software Engineer - Python,"Dycom Industries, Inc.",Remote,https://www.indeed.com/viewjob?jk=d5d15273ac64aecc
Manual Tester,Ordergroove,New York State,https://www.indeed.com/viewjob?jk=86373110183706fc
PYTHON SOFTWARE ENGINEER-DEEP LEARNING,InspiHER Tech,United States,https://www.indeed.com/viewjob?jk=3dd6c509667887e7
Python & Infrastructure Developer,Phrasee,Remote,https://www.indeed.com/viewjob?jk=c24cd253a1ca330e
Entry Level - Associate Developer,IBM,United States,https://www.indeed.com/viewjob?jk=d7b66851cf0ded38
Remote Operations Control Center (ROCC) Operator,Apex Clean Energy,"Charlottesville, VA",https://www.indeed.com/viewjob?jk=6420b84c82e24bc8
Senior Python Developer,SilverOnyx,"Bluffdale, UT",https://www.indeed.com/viewjob?jk=7e9714a23fb26db2
Python Developer,9th networks Inc,"Dallas, TX",https://www.indeed.com/viewjob?jk=7a320232f5a86f53
Entry Level Python Developer / Jr. Python Developer,Dash Technologies Inc,"Texas City, TX",https://www.indeed.com/viewjob?jk=29fdc2006cf2ac81
Entry Level - Associate Data Scientist,IBM,United States,https://www.indeed.com/viewjob?jk=ea78d3941ea548cc
Python Developer,Sigray Inc.,"Concord, CA",https://www.indeed.com/viewjob?jk=dafcbb68e9fa2e6c
Online Scratch/Python Remote Instructor,Nature Preschool Center,"Austin, TX",https://www.indeed.com/viewjob?jk=dace3b3eb21a2b5f
Python Developer,TraxRetail,"Lawrenceville, GA",https://www.indeed.com/viewjob?jk=61c234a6930eb14a
Python Developer,Stratus Video,Remote,https://www.indeed.com/viewjob?jk=e9162fa9c4a6bb7e
Cloud/DevOps Training & Placement,"Dexter Systems,Inc.,","Leesburg, VA",https://www.indeed.com/viewjob?jk=7ecd3986f94fd5be
Business Intelligence Intern,Evil Geniuses,California,https://www.indeed.com/viewjob?jk=85e0505695b43f23
Python/Django Developer,Club Loop Technologies,"Tulsa, OK",https://www.indeed.com/viewjob?jk=012c351cab7a99b7
Jr.Python developer on W2,Kree,Remote,https://www.indeed.com/viewjob?jk=de9460ab704023da
Enterprise Document Librarian,Red Hat Software,Remote,https://www.indeed.com/viewjob?jk=68f5834d083183db
Data Scientist Entry Level - Pathrise Recruiting Partners,Pathrise,Remote,https://www.indeed.com/viewjob?jk=57125117d2b4b0f6
Temporary Engineering Aide/Technician (2020),"Dominion Engineering, Inc.","Reston, VA",https://www.indeed.com/viewjob?jk=6a76dd5246b117f2
Front end UI Developer with Python,Ace-stack LLC,Virginia,https://www.indeed.com/viewjob?jk=43ccc8ec3d7cd94d
Back-End Python Developer - GitPrime,Pluralsight,Colorado,https://www.indeed.com/viewjob?jk=a1abf6435924c5a1
"Consultant (ADF/Snowflake, ETL)",Trianz,Remote,https://www.indeed.com/viewjob?jk=737aa508ed715c79
Python Developer,Cool Minds LLC,"Atlanta, GA",https://www.indeed.com/viewjob?jk=0268e224172a699e
ENTRY LEVEL INSTRUMENT DEVELOPMENT SCIENTIST,Idaho National Laboratory,United States,https://www.indeed.com/viewjob?jk=100c8fe2d280323a
GIS Technician (Contract),Orbital Insight,United States,https://www.indeed.com/viewjob?jk=3e307741d1c78aec
Music Composer,Gearbox Software,"Frisco, TX",https://www.indeed.com/viewjob?jk=e0120791fafd200d
Python разработчик,WaveAccess,United States,https://www.indeed.com/viewjob?jk=d6df26980f5d9a81
Python Developer,Smart Business Development,"San Juan, PR",https://www.indeed.com/viewjob?jk=f442f5466d2f231a
Developer - Python Django,Energy Sense Finance,"Tampa, FL",https://www.indeed.com/viewjob?jk=213f60ab30d8eece
Senior Python Developer,Zigna soft,"McLean, VA",https://www.indeed.com/viewjob?jk=d4391d395dce6dd3
Web Developer,"CGSmith.net, LLC","Mukwonago, WI",https://www.indeed.com/viewjob?jk=0656ab7e350e0ef6
Associate Detection & Response Engineer,Expel,Virginia,https://www.indeed.com/viewjob?jk=1e8f41111cefa6f7
Python Developer,Sara Technologies,United States,https://www.indeed.com/viewjob?jk=07cc59a85ae4d228
Entry Level Physical Scientist,"Signature Science, LLC","Egg Harbor Township, NJ",https://www.indeed.com/viewjob?jk=bbab30537a911605
Python Developer with Front end development,Peopleforce INC,"New York, NY",https://www.indeed.com/viewjob?jk=c43b5994cf78e06f
Data Center Technician,"Amazon Data Services, Inc.","Manassas, VA",https://www.indeed.com/viewjob?jk=d5c5a4f154953fdd
Senior Python Developer,Frontierpay,Remote,https://www.indeed.com/viewjob?jk=249fd45368894066
Jr. Python Developer,"DataSys Consulting and Software, Inc","Sunnyvale, CA",https://www.indeed.com/viewjob?jk=9c46a89712355ad2
Intern - Research,Enumerix,"Palo Alto, CA",https://www.indeed.com/viewjob?jk=23d4dd8c5b57ac13
Junior Quant,Dexterity Capital,Remote,https://www.indeed.com/viewjob?jk=e1a750ccc83bd177
FX Artist,Epic Games,"Cary, NC",https://www.indeed.com/viewjob?jk=2866cd444bbb1ad1
REMOTE: Senior Python / Django Developer,Syrinx,Massachusetts,https://www.indeed.com/viewjob?jk=2858b1e8833ee7f5
Data Analytics Intern,The Bronx Defenders,"Bronx, NY",https://www.indeed.com/viewjob?jk=ad3d472eb297ee83
Community Marketing Specialist,Code Wiz,"Westford, MA",https://www.indeed.com/viewjob?jk=62ae84f744c9f4ec
Geographic Information Systems (GIS) Analyst,"City of Lawrenceville, GA","Lawrenceville, GA",https://www.indeed.com/viewjob?jk=d2d0e24895d6089c
ETL Developer - Remote,Bairesdev,"Boston, MA",https://www.indeed.com/viewjob?jk=7099ce32b2ffba2c
Research Analyst,Altria,"Richmond, VA",https://www.indeed.com/viewjob?jk=3d1d5242861cc686
MuleSoft Developer,ConnectedX Inc.,"Atlanta, GA",https://www.indeed.com/viewjob?jk=6ef8d2299e9f8ea1
Quantitative and C++ Development,Renaissance Solutions,United States,https://www.indeed.com/viewjob?jk=2be2a7dce85ca3a2
System Engineer,Spectric Labs,"Dulles, VA",https://www.indeed.com/viewjob?jk=3b1c52b36a3c0ff4
"Data Engineer, Analytics, Intern",Facebook,"Menlo Park, CA",https://www.indeed.com/viewjob?jk=0886439216d11540
"Editorial Production Associate, The New Yorker",Conde Nast,"New York, NY",https://www.indeed.com/viewjob?jk=3ecb7c1d250a060f
Python Developer,Technamo LLC,"Washington, DC",https://www.indeed.com/viewjob?jk=603d6893fcd12c10
Python developer,Compest Solutions Inc,"Manhattan, NY",https://www.indeed.com/viewjob?jk=b56b121e1362cbcb
Development Operations Engineer,Ryerson,"Lisle, IL",https://www.indeed.com/viewjob?jk=3c1ba10813a96ff3
Senior Automation Developer - REMOTE,General Dynamics Information Technology,Virginia,https://www.indeed.com/viewjob?jk=2cd57e1aaeffbe5e
Python / Scratch / Java teacher for kids (part-time),Amazing Education Center,"New York, NY",https://www.indeed.com/viewjob?jk=f01b78fd1a6c38b0
IT Associate,Community Outreach Group,"Washington, DC",https://www.indeed.com/viewjob?jk=b28658332688afc5
2020 Security Engineering Intern,Nu Skin,"Provo, UT",https://www.indeed.com/viewjob?jk=834c3b94762e8a8c
Senior Systems Engineer - Remote - 6 months Contract to Hire,CG-VAK,"Sacramento, CA",https://www.indeed.com/viewjob?jk=9cb071e2da23cc6d
Quantitative Trader (2021),Tower Research Capital,"New York, NY",https://www.indeed.com/viewjob?jk=eb703d826b9e1cd2
Python Developer,Sqait Inc,"Great Falls, VA",https://www.indeed.com/viewjob?jk=7fc4d4179e6f45b7
Software Engineer - Python,TapRecruit,"Philadelphia, PA",https://www.indeed.com/viewjob?jk=0f74a0f792cef59d
Tableau Services Provider,"Apogee Integration, LLC","Chantilly, VA",https://www.indeed.com/viewjob?jk=a3ee445e15a8d779
Backend Engineer,LiveLike,Arkansas,https://www.indeed.com/viewjob?jk=0c51999a849e2f9e
Data Scientist,Nautilus Labs,United States,https://www.indeed.com/viewjob?jk=f3101354771c04c6
Business Analyst,First Derivatives,"New York, NY",https://www.indeed.com/viewjob?jk=3337bf4d3db895ba
Test Engineer,SharkNinja Operating,"Needham, MA",https://www.indeed.com/viewjob?jk=4122092c98bc4490
Systems Test Engineer,FAAZ Consulting,"Herndon, VA",https://www.indeed.com/viewjob?jk=16b5cef62336eb27
"Python, JavaScript, SCRATCH Coding Instructors",The Learnatory,"New York, NY",https://www.indeed.com/viewjob?jk=c40d0e11bc42b91c
Software Engineer - Python/SaaS - Remote,SaltStack,"Lehi, UT",https://www.indeed.com/viewjob?jk=67466451297c72ff
JavaScript Developer,Digital dhara,Remote,https://www.indeed.com/viewjob?jk=4824b4588272812b
"Associate Consultant, CloudOps",Burwood Group,Remote,https://www.indeed.com/viewjob?jk=fea1259a22bd3713
"Producer I, Investigations Team",NPR,"Washington, DC",https://www.indeed.com/viewjob?jk=5f675045947a2ca4
Business Analyst III,NextEra Energy,"Miami, FL",https://www.indeed.com/viewjob?jk=1c38c179427b6962
SR Full Stack Developer for e-commerce company (Python/Django or JS stack),arc.dev,Remote,https://www.indeed.com/viewjob?jk=f139592a4f833ffc
Splunk Engineer,Citrix,"Fort Lauderdale, FL",https://www.indeed.com/viewjob?jk=6d8a48f891585f54
AI/ML Application Developer,Ace-stack LLC,Virginia,https://www.indeed.com/viewjob?jk=2fbd1f5b6a831a99
Software Engineer Intern (Python),Vectorworks Inc.,"Columbia, MD",https://www.indeed.com/viewjob?jk=6aef22bb767b60fc
Retirement Investment Officer – Quantitative,State of Iowa Talent Gateway,"Des Moines, IA",https://www.indeed.com/viewjob?jk=38a07c693e596db2
Data Engineer,Fayetteville Public Works Commission,"Fayetteville, NC",https://www.indeed.com/viewjob?jk=60410eed22735b70
Data Analyst (Coordinated Campaign),Democratic National Committee,Remote,https://www.indeed.com/viewjob?jk=a950b3f51924cd74
Software Engineer - Python/C++,DEKA Research & Development,"Manchester, NH",https://www.indeed.com/viewjob?jk=08cd12ae77e55d64
Big Data/Hadoop,zacxo,"Wilmington, NC",https://www.indeed.com/viewjob?jk=757b1ce691501c09
Marketing Analyst,SCS Global Services,Remote,https://www.indeed.com/viewjob?jk=fc1f3f590c567581
Data & Research Assistant,Minnesota Public Radio,"Saint Paul, MN",https://www.indeed.com/viewjob?jk=85c7717649c80060
Additive Manufacturing Engineer I/II,Fabric8Labs,"San Diego, CA",https://www.indeed.com/viewjob?jk=7734e2b9d8f14d50
GIS SPECIALIST,"City of O'Fallon, IL","O'Fallon, IL",https://www.indeed.com/viewjob?jk=ed9852e50c22890f
Engineering Intern,Cleveland Electric Labs,"Tempe, AZ",https://www.indeed.com/viewjob?jk=d77ba8a07497950a
Python-Developers,Celandyne Software Solutions,"Santa Clara, CA",https://www.indeed.com/viewjob?jk=e004e922fdd74fe6
"Senior C/C++ Software Engineer, 5+ Years, Robotics/Exoskeletons","Dephy, Inc.","Maynard, MA",https://www.indeed.com/viewjob?jk=781262b4d4211304
Senior Python Developer,eMoney Advisor,Remote,https://www.indeed.com/viewjob?jk=b59a2281d58eefdf
Temporary Engineering Aide/Technician (2020),"Dominion Engineering, Inc.","Reston, VA",https://www.indeed.com/viewjob?jk=6a76dd5246b117f2
Software Engineer to Join a Growing Legal Tech Startup,"BlackBoiler, Inc.","Arlington, VA",https://www.indeed.com/viewjob?jk=9685f31980935c59
IT Developer (Full Stack Wordpress Developer),Texas Pride Trailers,"Madisonville, TX",https://www.indeed.com/viewjob?jk=ebb16698c9131ad8
Risk Analytics Manager,"Cane Bay Partners VI, LLLP","Saint Croix, VI",https://www.indeed.com/viewjob?jk=c80303a561f7d50e
Jr. SOC Analyst,"Solutions Granted, Inc.","Woodbridge, VA",https://www.indeed.com/viewjob?jk=5ce1dc6644bfd70b
Python Developer,Systemonex INC,"New York, NY",https://www.indeed.com/viewjob?jk=261a6748688d29d6
Instructor de JavaScript,Educadores Siglo 21,"San Juan, PR",https://www.indeed.com/viewjob?jk=949c4f19a465b460
GIS Intern,Starry,New York State,https://www.indeed.com/viewjob?jk=f0ddd15fa391e299
Software Engineer (Python),eTek IT Service | Savvysol,"Sunnyvale, CA",https://www.indeed.com/viewjob?jk=a5f806b2673735b6
Python Developer,Mondo,"King of Prussia, PA",https://www.indeed.com/viewjob?jk=dbcb559df256aaef
Python Back End Engineer (Remote-Brazil),Loadsmart,"Brazil, IN",https://www.indeed.com/viewjob?jk=59429dd06c9b2b45
Risk Analyst,Twilio,Georgia,https://www.indeed.com/viewjob?jk=7ecf0cdee5d8286d
Backend Engineer,Cash Flow Portal,"Seattle, WA",https://www.indeed.com/viewjob?jk=828adadab3230156
Data Analyst,SABRE Analysis,"Orlando, FL",https://www.indeed.com/viewjob?jk=e98c3ac48d5a63e3
SAS Python Developer,Next Generation Technology,"McLean, VA",https://www.indeed.com/viewjob?jk=1177a83b6f633b48
Data Quality Engineer,Kespry Inc.,California,https://www.indeed.com/viewjob?jk=4205a9b3265ec331
Research Director,OpenMind,Remote,https://www.indeed.com/viewjob?jk=969bc4bc58b457a4
Software Engineer - Python for Windows - Remote,SaltStack,"Lehi, UT",https://www.indeed.com/viewjob?jk=f6dcfcb393c2d1ba
Data Technician (Full- or Part-Time),Thasos Group,"New York, NY",https://www.indeed.com/viewjob?jk=da727c0cddda240e
Python Developer,Cyber Chasse,United States,https://www.indeed.com/viewjob?jk=c8aaa182fdba1cdb
Full Stack Developer (Early Stage Criminal Justice Reform Startup),JusticeText,"San Francisco, CA",https://www.indeed.com/viewjob?jk=cda024b7bef86c19
Sr. Python Developer,Globant,"Santa Monica, CA",https://www.indeed.com/viewjob?jk=426ce648e7fae2ed
Tableau Developer,Onebridge,"Indianapolis, IN",https://www.indeed.com/viewjob?jk=cfbb9dc7559f5899
Web & Application Developer,"Long Beach State University, Associated Students,...","Long Beach, CA",https://www.indeed.com/viewjob?jk=4f4ac6c834920a03
"Role for you: Opportunity of Software Test Analyst, Richmond, VA",Talentech Digital LLC,"Richmond, VA",https://www.indeed.com/viewjob?jk=c20d62e01bdfa85f
GIS Intern,Starry,New York State,https://www.indeed.com/viewjob?jk=f0ddd15fa391e299
Software Engineer (Python),eTek IT Service | Savvysol,"Sunnyvale, CA",https://www.indeed.com/viewjob?jk=a5f806b2673735b6
Python Developer,Mondo,"King of Prussia, PA",https://www.indeed.com/viewjob?jk=dbcb559df256aaef
Python Back End Engineer (Remote-Brazil),Loadsmart,"Brazil, IN",https://www.indeed.com/viewjob?jk=59429dd06c9b2b45
Risk Analyst,Twilio,Georgia,https://www.indeed.com/viewjob?jk=7ecf0cdee5d8286d
Backend Engineer,Cash Flow Portal,"Seattle, WA",https://www.indeed.com/viewjob?jk=828adadab3230156
Data Analyst,SABRE Analysis,"Orlando, FL",https://www.indeed.com/viewjob?jk=e98c3ac48d5a63e3
SAS Python Developer,Next Generation Technology,"McLean, VA",https://www.indeed.com/viewjob?jk=1177a83b6f633b48
Data Quality Engineer,Kespry Inc.,California,https://www.indeed.com/viewjob?jk=4205a9b3265ec331
Research Director,OpenMind,Remote,https://www.indeed.com/viewjob?jk=969bc4bc58b457a4
Software Engineer - Python for Windows - Remote,SaltStack,"Lehi, UT",https://www.indeed.com/viewjob?jk=f6dcfcb393c2d1ba
Data Technician (Full- or Part-Time),Thasos Group,"New York, NY",https://www.indeed.com/viewjob?jk=da727c0cddda240e
Linux with Python Scripting,Nivid Technologies,"Richardson, TX",https://www.indeed.com/viewjob?jk=84fea15ba64180d7
Business Intelligence Engineer,Amazon.com Services LLC,United States,https://www.indeed.com/viewjob?jk=e11c603f232ee7df
Junior Software Engineer,FormSwift,"San Francisco, CA",https://www.indeed.com/viewjob?jk=1e12b18acfdc21fa
Technician,Quantum Spatial INC,"Corvallis, OR",https://www.indeed.com/viewjob?jk=a5734d3d70d5a237
Senior Python Software Engineer,"Interos, Inc.",Virginia,https://www.indeed.com/viewjob?jk=0462e69e197e1774
Engineering,RStudio,United States,https://www.indeed.com/viewjob?jk=f30a28ed7d8cf1fe
Full Stack Developer (Early Stage Criminal Justice Reform Startup),JusticeText,"San Francisco, CA",https://www.indeed.com/viewjob?jk=cda024b7bef86c19
Backend Engineer,Cash Flow Portal,"Seattle, WA",https://www.indeed.com/viewjob?jk=828adadab3230156
SAS Python Developer,Next Generation Technology,"McLean, VA",https://www.indeed.com/viewjob?jk=1177a83b6f633b48
Software Engineer (Python),eTek IT Service | Savvysol,"Sunnyvale, CA",https://www.indeed.com/viewjob?jk=a5f806b2673735b6
"Role for you: Opportunity of Software Test Analyst, Richmond, VA",Talentech Digital LLC,"Richmond, VA",https://www.indeed.com/viewjob?jk=c20d62e01bdfa85f
Risk Analyst,Twilio,Georgia,https://www.indeed.com/viewjob?jk=7ecf0cdee5d8286d
Python Developer,Mondo,"King of Prussia, PA",https://www.indeed.com/viewjob?jk=dbcb559df256aaef
Full Stack Web Developer,KinaTrax,Remote,https://www.indeed.com/viewjob?jk=c3661721d879e142
Data Quality Engineer,Kespry Inc.,California,https://www.indeed.com/viewjob?jk=4205a9b3265ec331
GIS Intern,Starry,New York State,https://www.indeed.com/viewjob?jk=f0ddd15fa391e299
Software Engineer (Python),eTek IT Service | Savvysol,"Sunnyvale, CA",https://www.indeed.com/viewjob?jk=a5f806b2673735b6
Python Developer,Mondo,"King of Prussia, PA",https://www.indeed.com/viewjob?jk=dbcb559df256aaef
Python Back End Engineer (Remote-Brazil),Loadsmart,"Brazil, IN",https://www.indeed.com/viewjob?jk=59429dd06c9b2b45
Risk Analyst,Twilio,Georgia,https://www.indeed.com/viewjob?jk=7ecf0cdee5d8286d
Backend Engineer,Cash Flow Portal,"Seattle, WA",https://www.indeed.com/viewjob?jk=828adadab3230156
Data Analyst,SABRE Analysis,"Orlando, FL",https://www.indeed.com/viewjob?jk=e98c3ac48d5a63e3
SAS Python Developer,Next Generation Technology,"McLean, VA",https://www.indeed.com/viewjob?jk=1177a83b6f633b48
Data Quality Engineer,Kespry Inc.,California,https://www.indeed.com/viewjob?jk=4205a9b3265ec331
Research Director,OpenMind,Remote,https://www.indeed.com/viewjob?jk=969bc4bc58b457a4
Software Engineer - Python for Windows - Remote,SaltStack,"Lehi, UT",https://www.indeed.com/viewjob?jk=f6dcfcb393c2d1ba
Data Technician (Full- or Part-Time),Thasos Group,"New York, NY",https://www.indeed.com/viewjob?jk=da727c0cddda240e
Python Developer,Cyber Chasse,United States,https://www.indeed.com/viewjob?jk=c8aaa182fdba1cdb
Full Stack Developer (Early Stage Criminal Justice Reform Startup),JusticeText,"San Francisco, CA",https://www.indeed.com/viewjob?jk=cda024b7bef86c19
Sr. Python Developer,Globant,"Santa Monica, CA",https://www.indeed.com/viewjob?jk=426ce648e7fae2ed
Healthcare Analyst - Full Time - Hartford Health,Milliman,"Windsor, CT",https://www.indeed.com/viewjob?jk=46e550166d90d6e5
Business Intelligence Developer,Kohler,"Kohler, WI",https://www.indeed.com/viewjob?jk=85557bc8010ec1de
Email Data Optimization Manager,Suited Connector,"Englewood, CO",https://www.indeed.com/viewjob?jk=b03c008dbc2661ab
Associate Scientist- Consumer Sensory Insights,Nestle Purina PetCare Company,"St. Louis, MO",https://www.indeed.com/viewjob?jk=2d46b4b3af908389
Full StackDeveloper III - Petco Foundation (Remote),Petco,"San Diego, CA",https://www.indeed.com/viewjob?jk=2c8a2e213631b56a
SIGNAL PROCESSING @ L3HARRIS,L3Harris Technologies,United States,https://www.indeed.com/viewjob?jk=6ac7835d4d4ffe16
Software Automation Test Engineer,VET ech,"Plymouth, MI",https://www.indeed.com/viewjob?jk=ee6207454b5d88ac
"Software Engineer, Internships",HEALTHLEVEL,"Mountain View, CA",https://www.indeed.com/viewjob?jk=c0f9c2c5cba61929
Junior Site Reliability Engineer,Ideagen Plc,Remote,https://www.indeed.com/viewjob?jk=1c6a70a6d339ab49
Principal Data Scientist (Full-Time),Aware Healthcare,California,https://www.indeed.com/viewjob?jk=47be204e4347098b
Frontend Developer,Emergere Technologies,"El Paso, TX",https://www.indeed.com/viewjob?jk=41345dc11f7a752e
PYTHON DEVELOPER,Netresolute,"Philadelphia, PA",https://www.indeed.com/viewjob?jk=8071567ea613a1b2
Software Engineer,Microsoft,"Charlotte, NC",https://www.indeed.com/viewjob?jk=75ed67d58aa351b5
International Data and Research Fellow,National Wildlife Federation,"Washington, DC",https://www.indeed.com/viewjob?jk=dacc6ec1f89f9095
WFM - Workforce Analyst,"Amazon Web Services, Inc.","Arlington, VA",https://www.indeed.com/viewjob?jk=dba6c9aa1c10ec4f
Data Integration Engineer,proton.ai,"Boston, MA",https://www.indeed.com/viewjob?jk=9e24a129a3d80905
"Quality Assurance Engineer, Growth",JumpCloud,"Denver, CO",https://www.indeed.com/viewjob?jk=b4b78aebcc7f57a1
Python Software Engineer - Artificial Intelligence - Autonomous Driving,TuSimple,"San Diego, CA",https://www.indeed.com/viewjob?jk=f579647ba36ad6e0
Threat Hunter II,"deepwatch, inc.",Remote,https://www.indeed.com/viewjob?jk=3115440dce388f6c
Blockchain Developer,Valorem Foundation,"New York, NY",https://www.indeed.com/viewjob?jk=0a8bcb5a1efa7266
2020 Internships,Rosenblatt Securities,"New York, NY",https://www.indeed.com/viewjob?jk=771ec6885c33169f
Software Engingeer,TEAMSUPPORT,Remote,https://www.indeed.com/viewjob?jk=33ecc36e9465d0ba
Data Warehouse Analyst,BeiGene,Remote,https://www.indeed.com/viewjob?jk=4fb889570fa2f8bb
Freelance 3D Generalist,MOONDOG ANIMATION STUDIO,"Mount Pleasant, SC",https://www.indeed.com/viewjob?jk=ecb0d24e447f050c
Entry Level UX/UI Developer,Advanced IT Labs Inc.,"Orlando, FL",https://www.indeed.com/viewjob?jk=0c742b27655d1d77
Machine Learning Engineer,Horizon Corp,"San Antonio, TX",https://www.indeed.com/viewjob?jk=049f5a1e2c5259a0
Research Project Assistant,University of Vermont,"Burlington, VT",https://www.indeed.com/viewjob?jk=0f80115ddd0031e5
DEVELOPER I,Mohawk Industries,"Calhoun, GA",https://www.indeed.com/viewjob?jk=69a3a8e8974632df
Content Writer Wordpress Familar Apply,Krafty,"Mobile, AL",https://www.indeed.com/viewjob?jk=5dce6555597df1b7
Data Scientist,Applied Technology & Science (A-T-S),"San Francisco, CA",https://www.indeed.com/viewjob?jk=ba135de96c061c91
Triage Engineer,MongoDB,New York State,https://www.indeed.com/viewjob?jk=17ef2875e1973ec0
Experienced QA Tester,Infostar,"Menlo Park, CA",https://www.indeed.com/viewjob?jk=456f69afa505ee65
Instrumentation and Controls Engineer,Symbrium Inc,"Raleigh, NC",https://www.indeed.com/viewjob?jk=9633ac8e8ba30f4f
Cyber Investigator,Fishtech Group LLC,United States,https://www.indeed.com/viewjob?jk=1cfc777326ae1a31
Software Developer for Image Processing,DRC Techno,United States,https://www.indeed.com/viewjob?jk=736caedcee075cee
"Data Scientist, Analytics, Intern",Facebook,"Menlo Park, CA",https://www.indeed.com/viewjob?jk=e4d63483f6e4d8d6
Data Test Engineer (Python/Data/SQL),CompGain LLC,"Rockville, MD",https://www.indeed.com/viewjob?jk=1cedf104980aa19a
Junior Data Scientist,"Data-Core System, Inc.","Philadelphia, PA",https://www.indeed.com/viewjob?jk=2c87249f9c9868e7
"Product Analyst, Campaigns",HubSpot,"Cambridge, MA",https://www.indeed.com/viewjob?jk=0799d5cea9811e5f
Senior BI Analytics Engineer,Credible,"Durham, NC",https://www.indeed.com/viewjob?jk=25e4d7d3449488aa
"Data Science Online Course Instructor (Part-Time, Contract)",DataCamp,"New York, NY",https://www.indeed.com/viewjob?jk=23b5b7b2a7de4a52
Integrated Water Management Specialist,State of Nebraska,"Lincoln, NE",https://www.indeed.com/viewjob?jk=6ede634cdd9e23c3
Business Innovation - Advisor,CVS Health,Arizona,https://www.indeed.com/viewjob?jk=5de4797814fda619
Full Stack Developer-Remote/WFH,Ozone Consultancy,"Norfolk, VA",https://www.indeed.com/viewjob?jk=f0078af43249c342
Fall 2020 Yield Enhancement Applications Intern,ON Semiconductor,"Gresham, OR",https://www.indeed.com/viewjob?jk=ebafd5906b7fe5e1
Software Engineer,SnapEDA,Remote,https://www.indeed.com/viewjob?jk=12acf54142489b6d
PYTHON DEVELOPER,Nextshift,"Raritan, NJ",https://www.indeed.com/viewjob?jk=1ad4e031a54894fe
Sr. Agronomic Modeler,BASF Corporation,"Research Triangle Park, NC",https://www.indeed.com/viewjob?jk=f4a716a18c8460d0
Business Analyst I,Zulily,"Seattle, WA",https://www.indeed.com/viewjob?jk=834e51ab91f2f2c2
Machining Processes,CCAM,"Disputanta, VA",https://www.indeed.com/viewjob?jk=2a70cc405a1b2a18
"Senior C/C++ Software Engineer, 5+ Years, Robotics/Exoskeletons","Dephy, Inc.","Maynard, MA",https://www.indeed.com/viewjob?jk=781262b4d4211304
Software Engineer to Join a Growing Legal Tech Startup,"BlackBoiler, Inc.","Arlington, VA",https://www.indeed.com/viewjob?jk=9685f31980935c59
Senior Python Developer,eMoney Advisor,Remote,https://www.indeed.com/viewjob?jk=b59a2281d58eefdf
Temporary Engineering Aide/Technician (2020),"Dominion Engineering, Inc.","Reston, VA",https://www.indeed.com/viewjob?jk=6a76dd5246b117f2
IT Developer (Full Stack Wordpress Developer),Texas Pride Trailers,"Madisonville, TX",https://www.indeed.com/viewjob?jk=ebb16698c9131ad8
Risk Analytics Manager,"Cane Bay Partners VI, LLLP","Saint Croix, VI",https://www.indeed.com/viewjob?jk=c80303a561f7d50e
Instructor de JavaScript,Educadores Siglo 21,"San Juan, PR",https://www.indeed.com/viewjob?jk=949c4f19a465b460
Jr. SOC Analyst,"Solutions Granted, Inc.","Woodbridge, VA",https://www.indeed.com/viewjob?jk=5ce1dc6644bfd70b
Senior Spark & Python Developer,Mavens Guild,"McLean, VA",https://www.indeed.com/viewjob?jk=ec62c6c8b72dee8b
Healthcare Analyst - Full Time - Hartford Health,Milliman,"Windsor, CT",https://www.indeed.com/viewjob?jk=46e550166d90d6e5
Content Writer Wordpress Familar Apply,Krafty,"Mobile, AL",https://www.indeed.com/viewjob?jk=5dce6555597df1b7
UI/Front End Developer,"Atomic Corporate Industries, Inc.","Chantilly, VA",https://www.indeed.com/viewjob?jk=3816f4fe334c0c2a
Vulnerability Specialist- Houston,WhiteHat Security,Remote,https://www.indeed.com/viewjob?jk=1ba12b7eced88a33
Clinical Bioinformatician - Health Sciences Research,Mayo Clinic,"Rochester, MN",https://www.indeed.com/viewjob?jk=4a923d7936cfb7ee
Threat Hunter II,"deepwatch, inc.",Remote,https://www.indeed.com/viewjob?jk=3115440dce388f6c
Quant Researcher,NDVR,"Boston, MA",https://www.indeed.com/viewjob?jk=3330057908792f43
Data Analyst Intern,Pieces Technologies Inc,"Dallas, TX",https://www.indeed.com/viewjob?jk=1f7ae0889da904d5
"Instructor, Python (Part-time Temporary)",Wake Technical Community College,"Raleigh, NC",https://www.indeed.com/viewjob?jk=6bfb87e5f398b5ad
Security Ops Center Analyst,Turner,"Atlanta, GA",https://www.indeed.com/viewjob?jk=37c50982861dcb7e
"Associate Engineer, Software - Dallas (Multiple Openings)",T-Mobile,"Frisco, TX",https://www.indeed.com/viewjob?jk=cb155d70fcd0d585
Freelance 3D Generalist,MOONDOG ANIMATION STUDIO,"Mount Pleasant, SC",https://www.indeed.com/viewjob?jk=ecb0d24e447f050c
DEVELOPER I,Mohawk Industries,"Calhoun, GA",https://www.indeed.com/viewjob?jk=69a3a8e8974632df
Data Scientist,Roivant Sciences,New York State,https://www.indeed.com/viewjob?jk=3b35563f641c4caf
"Software Engineer (python, backend)",Big Data Federation,"Santa Clara, CA",https://www.indeed.com/viewjob?jk=306c7a01fa390d13
Business Intelligence Analyst,Payability,"New York, NY",https://www.indeed.com/viewjob?jk=60a602c691a27a58
Software Developer for Image Processing,DRC Techno,United States,https://www.indeed.com/viewjob?jk=736caedcee075cee
Data Integration Engineer,proton.ai,"Boston, MA",https://www.indeed.com/viewjob?jk=9e24a129a3d80905
Triage Engineer,MongoDB,New York State,https://www.indeed.com/viewjob?jk=17ef2875e1973ec0
Senior Data Engineer (Remote),Uplink Talent,"Oklahoma City, OK",https://www.indeed.com/viewjob?jk=85ff08bed61904c2
Business Intelligence Analyst,FORTRESS INFORMATION SECURITY,"Orlando, FL",https://www.indeed.com/viewjob?jk=20b81317c104c39b
Research Assistant C - Department of Rehab Sciences,"Jefferson - Center City, Philadelphia, PA","Philadelphia, PA",https://www.indeed.com/viewjob?jk=ddab95b398c86937
PYTHON DEVELOPER,Nextshift,"Raritan, NJ",https://www.indeed.com/viewjob?jk=1ad4e031a54894fe
GIS Technician / Analyst,Campbell County,"Rustburg, VA",https://www.indeed.com/viewjob?jk=4cddc041174eff32
Software Engineer,SnapEDA,Remote,https://www.indeed.com/viewjob?jk=12acf54142489b6d
Data Analyst,Midland Credit Management,"San Diego, CA",https://www.indeed.com/viewjob?jk=ebda34ad490cfb8f
"Product Analyst, Campaigns",HubSpot,"Cambridge, MA",https://www.indeed.com/viewjob?jk=0799d5cea9811e5f
Software Engineer,OpenPlay,"Santa Monica, CA",https://www.indeed.com/viewjob?jk=126629d25cffe161
Surface Development Engineer,GENTEX OPTICS INC,"Dudley, MA",https://www.indeed.com/viewjob?jk=83498cc8fa4abbf5
Jr Data Scientist-D&I (230292),Bechtel,"Reston, VA",https://www.indeed.com/viewjob?jk=2209e1d80286420d
Fall 2020 Yield Enhancement Applications Intern,ON Semiconductor,"Gresham, OR",https://www.indeed.com/viewjob?jk=ebafd5906b7fe5e1
CloudOps Administrator,DigitalOcean,New York State,https://www.indeed.com/viewjob?jk=b6b38c74350a8be1
Environmental Scientist or Engineer (Jr. Level),Tetra Tech,"Newark, DE",https://www.indeed.com/viewjob?jk=ca6b6ca77f84ddb6
Senior BI Analytics Engineer,Credible,"Durham, NC",https://www.indeed.com/viewjob?jk=25e4d7d3449488aa
AWS DevOps Engineer,SmartTechlink Sollutions Inc.,"Richmond, VA",https://www.indeed.com/viewjob?jk=a5e150c71ad4aebc
Assistant Portfolio Manager,Vanguard,"Malvern, PA",https://www.indeed.com/viewjob?jk=ff46509265039f23
Data Architect - Remote,"Ontrak, Inc.",United States,https://www.indeed.com/viewjob?jk=1b8dbb0bcc25dc3c
Linux Administrator,Databerry,"New York, NY",https://www.indeed.com/viewjob?jk=f2db4d6f2c9c2996
Web Developer- Must Know Python Django Code,RSN,"Irvine, CA",https://www.indeed.com/viewjob?jk=07ff210dc1c240a5
Security Consultant - Remote!,"Amazon Web Services, Inc.",Illinois,https://www.indeed.com/viewjob?jk=65837204864d057c
Chatbot Engineer,Quantiphi Inc.,"Marlborough, MA",https://www.indeed.com/viewjob?jk=4ab781cbecb1a65f
Automated Test Engineer,Novetta,Virginia,https://www.indeed.com/viewjob?jk=67a85bf97ea0dfa1
Fullstack Software Developer,Rent Dynamics,"Logan, UT",https://www.indeed.com/viewjob?jk=d0d9b93fce60d7c8
Head of Insights,Parsley Health,New York State,https://www.indeed.com/viewjob?jk=b7022ff9282c3beb
"Director, Quality Assurance",EditShare,"Watertown, MA",https://www.indeed.com/viewjob?jk=1ad077e21ded92e9
Open Source GIS Programmer,Lynker Technologies LLC,Remote,https://www.indeed.com/viewjob?jk=7df3d166c7cd42a0
Data Scientist,Arshi Systems Inc.,"Spartanburg, SC",https://www.indeed.com/viewjob?jk=c3b1dac16f5b3f7c
Software Engineer,ReCharge Payments,New York State,https://www.indeed.com/viewjob?jk=ecc0ff3217bb1669
Educational Data Scientist,Expatiate Communications,"Pasadena, CA",https://www.indeed.com/viewjob?jk=439c09f59a222300
Jr. Big Data Engineer,Enhance IT,"San Francisco, CA",https://www.indeed.com/viewjob?jk=a801bbd2f46279e8
Senior Python Developer,eMoney Advisor,Remote,https://www.indeed.com/viewjob?jk=b59a2281d58eefdf
Software Engineer to Join a Growing Legal Tech Startup,"BlackBoiler, Inc.","Arlington, VA",https://www.indeed.com/viewjob?jk=9685f31980935c59
IT Developer (Full Stack Wordpress Developer),Texas Pride Trailers,"Madisonville, TX",https://www.indeed.com/viewjob?jk=ebb16698c9131ad8
Python Developer,Systemonex INC,"New York, NY",https://www.indeed.com/viewjob?jk=261a6748688d29d6
Temporary Engineering Aide/Technician (2020),"Dominion Engineering, Inc.","Reston, VA",https://www.indeed.com/viewjob?jk=6a76dd5246b117f2
Instructor de JavaScript,Educadores Siglo 21,"San Juan, PR",https://www.indeed.com/viewjob?jk=949c4f19a465b460
Jr. SOC Analyst,"Solutions Granted, Inc.","Woodbridge, VA",https://www.indeed.com/viewjob?jk=5ce1dc6644bfd70b
GIS Intern,Starry,New York State,https://www.indeed.com/viewjob?jk=f0ddd15fa391e299
Software Engineer (Python),eTek IT Service | Savvysol,"Sunnyvale, CA",https://www.indeed.com/viewjob?jk=a5f806b2673735b6
Python Developer,Mondo,"King of Prussia, PA",https://www.indeed.com/viewjob?jk=dbcb559df256aaef
Python Back End Engineer (Remote-Brazil),Loadsmart,"Brazil, IN",https://www.indeed.com/viewjob?jk=59429dd06c9b2b45
Risk Analyst,Twilio,Georgia,https://www.indeed.com/viewjob?jk=7ecf0cdee5d8286d
Backend Engineer,Cash Flow Portal,"Seattle, WA",https://www.indeed.com/viewjob?jk=828adadab3230156
Data Analyst,SABRE Analysis,"Orlando, FL",https://www.indeed.com/viewjob?jk=e98c3ac48d5a63e3
SAS Python Developer,Next Generation Technology,"McLean, VA",https://www.indeed.com/viewjob?jk=1177a83b6f633b48
Data Quality Engineer,Kespry Inc.,California,https://www.indeed.com/viewjob?jk=4205a9b3265ec331
Research Director,OpenMind,Remote,https://www.indeed.com/viewjob?jk=969bc4bc58b457a4
Software Engineer - Python for Windows - Remote,SaltStack,"Lehi, UT",https://www.indeed.com/viewjob?jk=f6dcfcb393c2d1ba
Data Technician (Full- or Part-Time),Thasos Group,"New York, NY",https://www.indeed.com/viewjob?jk=da727c0cddda240e
Python Developer,Cyber Chasse,United States,https://www.indeed.com/viewjob?jk=c8aaa182fdba1cdb
Full Stack Developer (Early Stage Criminal Justice Reform Startup),JusticeText,"San Francisco, CA",https://www.indeed.com/viewjob?jk=cda024b7bef86c19
Sr. Python Developer,Globant,"Santa Monica, CA",https://www.indeed.com/viewjob?jk=426ce648e7fae2ed
Full-Time Opportunities for Students or Recent Graduates: Finance Rotation Program Analyst,Microsoft,"Redmond, WA",https://www.indeed.com/viewjob?jk=1bb9177b40f90043
Junior Python Developer,AllianceBernstein,"Nashville, TN",https://www.indeed.com/viewjob?jk=3ce7930d5d052e18
Software Engineer Summer Internship (REMOTE),Vee Search,New York State,https://www.indeed.com/viewjob?jk=7a463a438ef39d0b
SDET_Media,Tavant,"Denver, CO",https://www.indeed.com/viewjob?jk=79a96f9e254fbc10
Data Scientist,Flipside Crypto,"Boston, MA",https://www.indeed.com/viewjob?jk=14faf390f8303631
MANAGMENT ANALYST 1/2,State of Louisiana,"Baton Rouge, LA",https://www.indeed.com/viewjob?jk=03fec30b3e7f9677
ETF Trader (Equities),SR Investment Partners,"New York, NY",https://www.indeed.com/viewjob?jk=b8f8a79669663e1f
Software Architect with Python/Django (f/m/d),castLabs,"Berlin, OR",https://www.indeed.com/viewjob?jk=8b0f05e0de964751
Python Developer (Up to 25% Profit Sharing Benefit),CACI,"Sterling, VA",https://www.indeed.com/viewjob?jk=897207c17330d254
Jr. FPGA Designer,Wireless Systems Solutions,"Morrisville, NC",https://www.indeed.com/viewjob?jk=78ed9ef7a2d8fe1e
Technician,Quantum Spatial INC,"Corvallis, OR",https://www.indeed.com/viewjob?jk=a5734d3d70d5a237
Entry Level - Full stack developer / Junior Full stack developer,KesarWeb,"California City, CA",https://www.indeed.com/viewjob?jk=75992af81ea98192
Python Developer,Systech Corp,Remote,https://www.indeed.com/viewjob?jk=4d6e2b42ed19c1ec
Data Analyst,SABRE Analysis,"Orlando, FL",https://www.indeed.com/viewjob?jk=e98c3ac48d5a63e3
SPAC Trader - Hedge Fund,SR Investment Partners,"Greenwich, CT",https://www.indeed.com/viewjob?jk=2537af0cc3e48955
Senior Spark & Python Developer,Mavens Guild,"McLean, VA",https://www.indeed.com/viewjob?jk=ec62c6c8b72dee8b
Healthcare Analyst - Full Time - Hartford Health,Milliman,"Windsor, CT",https://www.indeed.com/viewjob?jk=46e550166d90d6e5
Content Writer Wordpress Familar Apply,Krafty,"Mobile, AL",https://www.indeed.com/viewjob?jk=5dce6555597df1b7
UI/Front End Developer,"Atomic Corporate Industries, Inc.","Chantilly, VA",https://www.indeed.com/viewjob?jk=3816f4fe334c0c2a
Vulnerability Specialist- Houston,WhiteHat Security,Remote,https://www.indeed.com/viewjob?jk=1ba12b7eced88a33
Clinical Bioinformatician - Health Sciences Research,Mayo Clinic,"Rochester, MN",https://www.indeed.com/viewjob?jk=4a923d7936cfb7ee
Threat Hunter II,"deepwatch, inc.",Remote,https://www.indeed.com/viewjob?jk=3115440dce388f6c
Quant Researcher,NDVR,"Boston, MA",https://www.indeed.com/viewjob?jk=3330057908792f43
Data Analyst Intern,Pieces Technologies Inc,"Dallas, TX",https://www.indeed.com/viewjob?jk=1f7ae0889da904d5
"Instructor, Python (Part-time Temporary)",Wake Technical Community College,"Raleigh, NC",https://www.indeed.com/viewjob?jk=6bfb87e5f398b5ad
Security Ops Center Analyst,Turner,"Atlanta, GA",https://www.indeed.com/viewjob?jk=37c50982861dcb7e
"Associate Engineer, Software - Dallas (Multiple Openings)",T-Mobile,"Frisco, TX",https://www.indeed.com/viewjob?jk=cb155d70fcd0d585
Freelance 3D Generalist,MOONDOG ANIMATION STUDIO,"Mount Pleasant, SC",https://www.indeed.com/viewjob?jk=ecb0d24e447f050c
DEVELOPER I,Mohawk Industries,"Calhoun, GA",https://www.indeed.com/viewjob?jk=69a3a8e8974632df
Data Scientist,Roivant Sciences,New York State,https://www.indeed.com/viewjob?jk=3b35563f641c4caf
"Software Engineer (python, backend)",Big Data Federation,"Santa Clara, CA",https://www.indeed.com/viewjob?jk=306c7a01fa390d13
Business Intelligence Analyst,Payability,"New York, NY",https://www.indeed.com/viewjob?jk=60a602c691a27a58
Software Developer for Image Processing,DRC Techno,United States,https://www.indeed.com/viewjob?jk=736caedcee075cee
Data Integration Engineer,proton.ai,"Boston, MA",https://www.indeed.com/viewjob?jk=9e24a129a3d80905
Triage Engineer,MongoDB,New York State,https://www.indeed.com/viewjob?jk=17ef2875e1973ec0
Senior Data Engineer (Remote),Uplink Talent,"Oklahoma City, OK",https://www.indeed.com/viewjob?jk=85ff08bed61904c2
Business Intelligence Analyst,FORTRESS INFORMATION SECURITY,"Orlando, FL",https://www.indeed.com/viewjob?jk=20b81317c104c39b
Research Assistant C - Department of Rehab Sciences,"Jefferson - Center City, Philadelphia, PA","Philadelphia, PA",https://www.indeed.com/viewjob?jk=ddab95b398c86937
PYTHON DEVELOPER,Nextshift,"Raritan, NJ",https://www.indeed.com/viewjob?jk=1ad4e031a54894fe
GIS Technician / Analyst,Campbell County,"Rustburg, VA",https://www.indeed.com/viewjob?jk=4cddc041174eff32
Software Engineer,SnapEDA,Remote,https://www.indeed.com/viewjob?jk=12acf54142489b6d
Data Analyst,Midland Credit Management,"San Diego, CA",https://www.indeed.com/viewjob?jk=ebda34ad490cfb8f
"Product Analyst, Campaigns",HubSpot,"Cambridge, MA",https://www.indeed.com/viewjob?jk=0799d5cea9811e5f
Software Engineer,OpenPlay,"Santa Monica, CA",https://www.indeed.com/viewjob?jk=126629d25cffe161
Surface Development Engineer,GENTEX OPTICS INC,"Dudley, MA",https://www.indeed.com/viewjob?jk=83498cc8fa4abbf5
Jr Data Scientist-D&I (230292),Bechtel,"Reston, VA",https://www.indeed.com/viewjob?jk=2209e1d80286420d
Fall 2020 Yield Enhancement Applications Intern,ON Semiconductor,"Gresham, OR",https://www.indeed.com/viewjob?jk=ebafd5906b7fe5e1
CloudOps Administrator,DigitalOcean,New York State,https://www.indeed.com/viewjob?jk=b6b38c74350a8be1
Environmental Scientist or Engineer (Jr. Level),Tetra Tech,"Newark, DE",https://www.indeed.com/viewjob?jk=ca6b6ca77f84ddb6
Senior BI Analytics Engineer,Credible,"Durham, NC",https://www.indeed.com/viewjob?jk=25e4d7d3449488aa
AWS DevOps Engineer,SmartTechlink Sollutions Inc.,"Richmond, VA",https://www.indeed.com/viewjob?jk=a5e150c71ad4aebc
Assistant Portfolio Manager,Vanguard,"Malvern, PA",https://www.indeed.com/viewjob?jk=ff46509265039f23
Data Architect - Remote,"Ontrak, Inc.",United States,https://www.indeed.com/viewjob?jk=1b8dbb0bcc25dc3c
Linux Administrator,Databerry,"New York, NY",https://www.indeed.com/viewjob?jk=f2db4d6f2c9c2996
Web Developer- Must Know Python Django Code,RSN,"Irvine, CA",https://www.indeed.com/viewjob?jk=07ff210dc1c240a5
Security Consultant - Remote!,"Amazon Web Services, Inc.",Illinois,https://www.indeed.com/viewjob?jk=65837204864d057c
Chatbot Engineer,Quantiphi Inc.,"Marlborough, MA",https://www.indeed.com/viewjob?jk=4ab781cbecb1a65f
Automated Test Engineer,Novetta,Virginia,https://www.indeed.com/viewjob?jk=67a85bf97ea0dfa1
Fullstack Software Developer,Rent Dynamics,"Logan, UT",https://www.indeed.com/viewjob?jk=d0d9b93fce60d7c8
Head of Insights,Parsley Health,New York State,https://www.indeed.com/viewjob?jk=b7022ff9282c3beb
"Director, Quality Assurance",EditShare,"Watertown, MA",https://www.indeed.com/viewjob?jk=1ad077e21ded92e9
Open Source GIS Programmer,Lynker Technologies LLC,Remote,https://www.indeed.com/viewjob?jk=7df3d166c7cd42a0
Data Scientist,Arshi Systems Inc.,"Spartanburg, SC",https://www.indeed.com/viewjob?jk=c3b1dac16f5b3f7c
Software Engineer,ReCharge Payments,New York State,https://www.indeed.com/viewjob?jk=ecc0ff3217bb1669
Educational Data Scientist,Expatiate Communications,"Pasadena, CA",https://www.indeed.com/viewjob?jk=439c09f59a222300
Jr. Big Data Engineer,Enhance IT,"San Francisco, CA",https://www.indeed.com/viewjob?jk=a801bbd2f46279e8
Senior Python Developer,eMoney Advisor,Remote,https://www.indeed.com/viewjob?jk=b59a2281d58eefdf
Software Engineer to Join a Growing Legal Tech Startup,"BlackBoiler, Inc.","Arlington, VA",https://www.indeed.com/viewjob?jk=9685f31980935c59
IT Developer (Full Stack Wordpress Developer),Texas Pride Trailers,"Madisonville, TX",https://www.indeed.com/viewjob?jk=ebb16698c9131ad8
Python Developer,Systemonex INC,"New York, NY",https://www.indeed.com/viewjob?jk=261a6748688d29d6
Temporary Engineering Aide/Technician (2020),"Dominion Engineering, Inc.","Reston, VA",https://www.indeed.com/viewjob?jk=6a76dd5246b117f2
Instructor de JavaScript,Educadores Siglo 21,"San Juan, PR",https://www.indeed.com/viewjob?jk=949c4f19a465b460
Jr. SOC Analyst,"Solutions Granted, Inc.","Woodbridge, VA",https://www.indeed.com/viewjob?jk=5ce1dc6644bfd70b
Senior Spark & Python Developer,Mavens Guild,"McLean, VA",https://www.indeed.com/viewjob?jk=ec62c6c8b72dee8b
Healthcare Analyst - Full Time - Hartford Health,Milliman,"Windsor, CT",https://www.indeed.com/viewjob?jk=46e550166d90d6e5
Content Writer Wordpress Familar Apply,Krafty,"Mobile, AL",https://www.indeed.com/viewjob?jk=5dce6555597df1b7
UI/Front End Developer,"Atomic Corporate Industries, Inc.","Chantilly, VA",https://www.indeed.com/viewjob?jk=3816f4fe334c0c2a
Vulnerability Specialist- Houston,WhiteHat Security,Remote,https://www.indeed.com/viewjob?jk=1ba12b7eced88a33
Clinical Bioinformatician - Health Sciences Research,Mayo Clinic,"Rochester, MN",https://www.indeed.com/viewjob?jk=4a923d7936cfb7ee
Threat Hunter II,"deepwatch, inc.",Remote,https://www.indeed.com/viewjob?jk=3115440dce388f6c
Quant Researcher,NDVR,"Boston, MA",https://www.indeed.com/viewjob?jk=3330057908792f43
Data Analyst Intern,Pieces Technologies Inc,"Dallas, TX",https://www.indeed.com/viewjob?jk=1f7ae0889da904d5
"Instructor, Python (Part-time Temporary)",Wake Technical Community College,"Raleigh, NC",https://www.indeed.com/viewjob?jk=6bfb87e5f398b5ad
Security Ops Center Analyst,Turner,"Atlanta, GA",https://www.indeed.com/viewjob?jk=37c50982861dcb7e
"Associate Engineer, Software - Dallas (Multiple Openings)",T-Mobile,"Frisco, TX",https://www.indeed.com/viewjob?jk=cb155d70fcd0d585
Freelance 3D Generalist,MOONDOG ANIMATION STUDIO,"Mount Pleasant, SC",https://www.indeed.com/viewjob?jk=ecb0d24e447f050c
DEVELOPER I,Mohawk Industries,"Calhoun, GA",https://www.indeed.com/viewjob?jk=69a3a8e8974632df
Data Scientist,Roivant Sciences,New York State,https://www.indeed.com/viewjob?jk=3b35563f641c4caf
"Software Engineer (python, backend)",Big Data Federation,"Santa Clara, CA",https://www.indeed.com/viewjob?jk=306c7a01fa390d13
Business Intelligence Analyst,Payability,"New York, NY",https://www.indeed.com/viewjob?jk=60a602c691a27a58
Software Developer for Image Processing,DRC Techno,United States,https://www.indeed.com/viewjob?jk=736caedcee075cee
Data Integration Engineer,proton.ai,"Boston, MA",https://www.indeed.com/viewjob?jk=9e24a129a3d80905
Triage Engineer,MongoDB,New York State,https://www.indeed.com/viewjob?jk=17ef2875e1973ec0
Senior Data Engineer (Remote),Uplink Talent,"Oklahoma City, OK",https://www.indeed.com/viewjob?jk=85ff08bed61904c2
Business Intelligence Analyst,FORTRESS INFORMATION SECURITY,"Orlando, FL",https://www.indeed.com/viewjob?jk=20b81317c104c39b
Research Assistant C - Department of Rehab Sciences,"Jefferson - Center City, Philadelphia, PA","Philadelphia, PA",https://www.indeed.com/viewjob?jk=ddab95b398c86937
PYTHON DEVELOPER,Nextshift,"Raritan, NJ",https://www.indeed.com/viewjob?jk=1ad4e031a54894fe
GIS Technician / Analyst,Campbell County,"Rustburg, VA",https://www.indeed.com/viewjob?jk=4cddc041174eff32
Software Engineer,SnapEDA,Remote,https://www.indeed.com/viewjob?jk=12acf54142489b6d
Data Analyst,Midland Credit Management,"San Diego, CA",https://www.indeed.com/viewjob?jk=ebda34ad490cfb8f
"Product Analyst, Campaigns",HubSpot,"Cambridge, MA",https://www.indeed.com/viewjob?jk=0799d5cea9811e5f
Software Engineer,OpenPlay,"Santa Monica, CA",https://www.indeed.com/viewjob?jk=126629d25cffe161
Surface Development Engineer,GENTEX OPTICS INC,"Dudley, MA",https://www.indeed.com/viewjob?jk=83498cc8fa4abbf5
Jr Data Scientist-D&I (230292),Bechtel,"Reston, VA",https://www.indeed.com/viewjob?jk=2209e1d80286420d
Fall 2020 Yield Enhancement Applications Intern,ON Semiconductor,"Gresham, OR",https://www.indeed.com/viewjob?jk=ebafd5906b7fe5e1
CloudOps Administrator,DigitalOcean,New York State,https://www.indeed.com/viewjob?jk=b6b38c74350a8be1
Environmental Scientist or Engineer (Jr. Level),Tetra Tech,"Newark, DE",https://www.indeed.com/viewjob?jk=ca6b6ca77f84ddb6
Senior BI Analytics Engineer,Credible,"Durham, NC",https://www.indeed.com/viewjob?jk=25e4d7d3449488aa
AWS DevOps Engineer,SmartTechlink Sollutions Inc.,"Richmond, VA",https://www.indeed.com/viewjob?jk=a5e150c71ad4aebc
Assistant Portfolio Manager,Vanguard,"Malvern, PA",https://www.indeed.com/viewjob?jk=ff46509265039f23
Data Architect - Remote,"Ontrak, Inc.",United States,https://www.indeed.com/viewjob?jk=1b8dbb0bcc25dc3c
Linux Administrator,Databerry,"New York, NY",https://www.indeed.com/viewjob?jk=f2db4d6f2c9c2996
Web Developer- Must Know Python Django Code,RSN,"Irvine, CA",https://www.indeed.com/viewjob?jk=07ff210dc1c240a5
Security Consultant - Remote!,"Amazon Web Services, Inc.",Illinois,https://www.indeed.com/viewjob?jk=65837204864d057c
Chatbot Engineer,Quantiphi Inc.,"Marlborough, MA",https://www.indeed.com/viewjob?jk=4ab781cbecb1a65f
Automated Test Engineer,Novetta,Virginia,https://www.indeed.com/viewjob?jk=67a85bf97ea0dfa1
Fullstack Software Developer,Rent Dynamics,"Logan, UT",https://www.indeed.com/viewjob?jk=d0d9b93fce60d7c8
Head of Insights,Parsley Health,New York State,https://www.indeed.com/viewjob?jk=b7022ff9282c3beb
"Director, Quality Assurance",EditShare,"Watertown, MA",https://www.indeed.com/viewjob?jk=1ad077e21ded92e9
Open Source GIS Programmer,Lynker Technologies LLC,Remote,https://www.indeed.com/viewjob?jk=7df3d166c7cd42a0
Data Scientist,Arshi Systems Inc.,"Spartanburg, SC",https://www.indeed.com/viewjob?jk=c3b1dac16f5b3f7c
Software Engineer,ReCharge Payments,New York State,https://www.indeed.com/viewjob?jk=ecc0ff3217bb1669
Educational Data Scientist,Expatiate Communications,"Pasadena, CA",https://www.indeed.com/viewjob?jk=439c09f59a222300
Jr. Big Data Engineer,Enhance IT,"San Francisco, CA",https://www.indeed.com/viewjob?jk=a801bbd2f46279e8
Senior Python Developer,eMoney Advisor,Remote,https://www.indeed.com/viewjob?jk=b59a2281d58eefdf
Software Engineer to Join a Growing Legal Tech Startup,"BlackBoiler, Inc.","Arlington, VA",https://www.indeed.com/viewjob?jk=9685f31980935c59
IT Developer (Full Stack Wordpress Developer),Texas Pride Trailers,"Madisonville, TX",https://www.indeed.com/viewjob?jk=ebb16698c9131ad8
Python Developer,Systemonex INC,"New York, NY",https://www.indeed.com/viewjob?jk=261a6748688d29d6
Temporary Engineering Aide/Technician (2020),"Dominion Engineering, Inc.","Reston, VA",https://www.indeed.com/viewjob?jk=6a76dd5246b117f2
Instructor de JavaScript,Educadores Siglo 21,"San Juan, PR",https://www.indeed.com/viewjob?jk=949c4f19a465b460
Jr. SOC Analyst,"Solutions Granted, Inc.","Woodbridge, VA",https://www.indeed.com/viewjob?jk=5ce1dc6644bfd70b
Data Scientist,Flipside Crypto,"Boston, MA",https://www.indeed.com/viewjob?jk=14faf390f8303631
MANAGMENT ANALYST 1/2,State of Louisiana,"Baton Rouge, LA",https://www.indeed.com/viewjob?jk=03fec30b3e7f9677
ETF Trader (Equities),SR Investment Partners,"New York, NY",https://www.indeed.com/viewjob?jk=b8f8a79669663e1f
Software Architect with Python/Django (f/m/d),castLabs,"Berlin, OR",https://www.indeed.com/viewjob?jk=8b0f05e0de964751
Python Developer (Up to 25% Profit Sharing Benefit),CACI,"Sterling, VA",https://www.indeed.com/viewjob?jk=897207c17330d254
Jr. FPGA Designer,Wireless Systems Solutions,"Morrisville, NC",https://www.indeed.com/viewjob?jk=78ed9ef7a2d8fe1e
Technician,Quantum Spatial INC,"Corvallis, OR",https://www.indeed.com/viewjob?jk=a5734d3d70d5a237
Entry Level - Full stack developer / Junior Full stack developer,KesarWeb,"California City, CA",https://www.indeed.com/viewjob?jk=75992af81ea98192
Python Developer,Systech Corp,Remote,https://www.indeed.com/viewjob?jk=4d6e2b42ed19c1ec
Data Analyst,SABRE Analysis,"Orlando, FL",https://www.indeed.com/viewjob?jk=e98c3ac48d5a63e3
SPAC Trader - Hedge Fund,SR Investment Partners,"Greenwich, CT",https://www.indeed.com/viewjob?jk=2537af0cc3e48955
Business Intelligence Intern,Decision First Technologies,"Atlanta, GA",https://www.indeed.com/viewjob?jk=235e6ea57f66371d
GIS Intern,Starry,New York State,https://www.indeed.com/viewjob?jk=f0ddd15fa391e299
Linux with Python Scripting,Nivid Technologies,"Richardson, TX",https://www.indeed.com/viewjob?jk=84fea15ba64180d7
Data Visualization Specialist,Crunch.io,"Palo Alto, CA",https://www.indeed.com/viewjob?jk=530b6f6617bcd989
Senior Spark & Python Developer,Mavens Guild,"McLean, VA",https://www.indeed.com/viewjob?jk=ec62c6c8b72dee8b
Healthcare Analyst - Full Time - Hartford Health,Milliman,"Windsor, CT",https://www.indeed.com/viewjob?jk=46e550166d90d6e5
Content Writer Wordpress Familar Apply,Krafty,"Mobile, AL",https://www.indeed.com/viewjob?jk=5dce6555597df1b7
UI/Front End Developer,"Atomic Corporate Industries, Inc.","Chantilly, VA",https://www.indeed.com/viewjob?jk=3816f4fe334c0c2a
Vulnerability Specialist- Houston,WhiteHat Security,Remote,https://www.indeed.com/viewjob?jk=1ba12b7eced88a33
Clinical Bioinformatician - Health Sciences Research,Mayo Clinic,"Rochester, MN",https://www.indeed.com/viewjob?jk=4a923d7936cfb7ee
Threat Hunter II,"deepwatch, inc.",Remote,https://www.indeed.com/viewjob?jk=3115440dce388f6c
Quant Researcher,NDVR,"Boston, MA",https://www.indeed.com/viewjob?jk=3330057908792f43
Data Analyst Intern,Pieces Technologies Inc,"Dallas, TX",https://www.indeed.com/viewjob?jk=1f7ae0889da904d5
"Instructor, Python (Part-time Temporary)",Wake Technical Community College,"Raleigh, NC",https://www.indeed.com/viewjob?jk=6bfb87e5f398b5ad
Security Ops Center Analyst,Turner,"Atlanta, GA",https://www.indeed.com/viewjob?jk=37c50982861dcb7e
"Associate Engineer, Software - Dallas (Multiple Openings)",T-Mobile,"Frisco, TX",https://www.indeed.com/viewjob?jk=cb155d70fcd0d585
Freelance 3D Generalist,MOONDOG ANIMATION STUDIO,"Mount Pleasant, SC",https://www.indeed.com/viewjob?jk=ecb0d24e447f050c
DEVELOPER I,Mohawk Industries,"Calhoun, GA",https://www.indeed.com/viewjob?jk=69a3a8e8974632df
Data Scientist,Roivant Sciences,New York State,https://www.indeed.com/viewjob?jk=3b35563f641c4caf
"Software Engineer (python, backend)",Big Data Federation,"Santa Clara, CA",https://www.indeed.com/viewjob?jk=306c7a01fa390d13
Business Intelligence Analyst,Payability,"New York, NY",https://www.indeed.com/viewjob?jk=60a602c691a27a58
Software Developer for Image Processing,DRC Techno,United States,https://www.indeed.com/viewjob?jk=736caedcee075cee
Data Integration Engineer,proton.ai,"Boston, MA",https://www.indeed.com/viewjob?jk=9e24a129a3d80905
Triage Engineer,MongoDB,New York State,https://www.indeed.com/viewjob?jk=17ef2875e1973ec0
Senior Data Engineer (Remote),Uplink Talent,"Oklahoma City, OK",https://www.indeed.com/viewjob?jk=85ff08bed61904c2
Business Intelligence Analyst,FORTRESS INFORMATION SECURITY,"Orlando, FL",https://www.indeed.com/viewjob?jk=20b81317c104c39b
Research Assistant C - Department of Rehab Sciences,"Jefferson - Center City, Philadelphia, PA","Philadelphia, PA",https://www.indeed.com/viewjob?jk=ddab95b398c86937
PYTHON DEVELOPER,Nextshift,"Raritan, NJ",https://www.indeed.com/viewjob?jk=1ad4e031a54894fe
GIS Technician / Analyst,Campbell County,"Rustburg, VA",https://www.indeed.com/viewjob?jk=4cddc041174eff32
Software Engineer,SnapEDA,Remote,https://www.indeed.com/viewjob?jk=12acf54142489b6d
Data Analyst,Midland Credit Management,"San Diego, CA",https://www.indeed.com/viewjob?jk=ebda34ad490cfb8f
"Product Analyst, Campaigns",HubSpot,"Cambridge, MA",https://www.indeed.com/viewjob?jk=0799d5cea9811e5f
Software Engineer,OpenPlay,"Santa Monica, CA",https://www.indeed.com/viewjob?jk=126629d25cffe161
Surface Development Engineer,GENTEX OPTICS INC,"Dudley, MA",https://www.indeed.com/viewjob?jk=83498cc8fa4abbf5
Jr Data Scientist-D&I (230292),Bechtel,"Reston, VA",https://www.indeed.com/viewjob?jk=2209e1d80286420d
Fall 2020 Yield Enhancement Applications Intern,ON Semiconductor,"Gresham, OR",https://www.indeed.com/viewjob?jk=ebafd5906b7fe5e1
CloudOps Administrator,DigitalOcean,New York State,https://www.indeed.com/viewjob?jk=b6b38c74350a8be1
Environmental Scientist or Engineer (Jr. Level),Tetra Tech,"Newark, DE",https://www.indeed.com/viewjob?jk=ca6b6ca77f84ddb6
Senior BI Analytics Engineer,Credible,"Durham, NC",https://www.indeed.com/viewjob?jk=25e4d7d3449488aa
AWS DevOps Engineer,SmartTechlink Sollutions Inc.,"Richmond, VA",https://www.indeed.com/viewjob?jk=a5e150c71ad4aebc
Assistant Portfolio Manager,Vanguard,"Malvern, PA",https://www.indeed.com/viewjob?jk=ff46509265039f23
Data Architect - Remote,"Ontrak, Inc.",United States,https://www.indeed.com/viewjob?jk=1b8dbb0bcc25dc3c
Linux Administrator,Databerry,"New York, NY",https://www.indeed.com/viewjob?jk=f2db4d6f2c9c2996
Web Developer- Must Know Python Django Code,RSN,"Irvine, CA",https://www.indeed.com/viewjob?jk=07ff210dc1c240a5
Security Consultant - Remote!,"Amazon Web Services, Inc.",Illinois,https://www.indeed.com/viewjob?jk=65837204864d057c
Chatbot Engineer,Quantiphi Inc.,"Marlborough, MA",https://www.indeed.com/viewjob?jk=4ab781cbecb1a65f
Automated Test Engineer,Novetta,Virginia,https://www.indeed.com/viewjob?jk=67a85bf97ea0dfa1
Fullstack Software Developer,Rent Dynamics,"Logan, UT",https://www.indeed.com/viewjob?jk=d0d9b93fce60d7c8
Head of Insights,Parsley Health,New York State,https://www.indeed.com/viewjob?jk=b7022ff9282c3beb
"Director, Quality Assurance",EditShare,"Watertown, MA",https://www.indeed.com/viewjob?jk=1ad077e21ded92e9
Open Source GIS Programmer,Lynker Technologies LLC,Remote,https://www.indeed.com/viewjob?jk=7df3d166c7cd42a0
Data Scientist,Arshi Systems Inc.,"Spartanburg, SC",https://www.indeed.com/viewjob?jk=c3b1dac16f5b3f7c
Software Engineer,ReCharge Payments,New York State,https://www.indeed.com/viewjob?jk=ecc0ff3217bb1669
Educational Data Scientist,Expatiate Communications,"Pasadena, CA",https://www.indeed.com/viewjob?jk=439c09f59a222300
"Senior C/C++ Software Engineer, 5+ Years, Robotics/Exoskeletons","Dephy, Inc.","Maynard, MA",https://www.indeed.com/viewjob?jk=781262b4d4211304
Software Engineer to Join a Growing Legal Tech Startup,"BlackBoiler, Inc.","Arlington, VA",https://www.indeed.com/viewjob?jk=9685f31980935c59
Senior Python Developer,eMoney Advisor,Remote,https://www.indeed.com/viewjob?jk=b59a2281d58eefdf
Temporary Engineering Aide/Technician (2020),"Dominion Engineering, Inc.","Reston, VA",https://www.indeed.com/viewjob?jk=6a76dd5246b117f2
IT Developer (Full Stack Wordpress Developer),Texas Pride Trailers,"Madisonville, TX",https://www.indeed.com/viewjob?jk=ebb16698c9131ad8
Risk Analytics Manager,"Cane Bay Partners VI, LLLP","Saint Croix, VI",https://www.indeed.com/viewjob?jk=c80303a561f7d50e
Instructor de JavaScript,Educadores Siglo 21,"San Juan, PR",https://www.indeed.com/viewjob?jk=949c4f19a465b460
Jr. SOC Analyst,"Solutions Granted, Inc.","Woodbridge, VA",https://www.indeed.com/viewjob?jk=5ce1dc6644bfd70b
"Role for you: Opportunity of Software Test Analyst, Richmond, VA",Talentech Digital LLC,"Richmond, VA",https://www.indeed.com/viewjob?jk=c20d62e01bdfa85f
GIS Intern,Starry,New York State,https://www.indeed.com/viewjob?jk=f0ddd15fa391e299
Software Engineer (Python),eTek IT Service | Savvysol,"Sunnyvale, CA",https://www.indeed.com/viewjob?jk=a5f806b2673735b6
Python Developer,Mondo,"King of Prussia, PA",https://www.indeed.com/viewjob?jk=dbcb559df256aaef
Python Back End Engineer (Remote-Brazil),Loadsmart,"Brazil, IN",https://www.indeed.com/viewjob?jk=59429dd06c9b2b45
Risk Analyst,Twilio,Georgia,https://www.indeed.com/viewjob?jk=7ecf0cdee5d8286d
Backend Engineer,Cash Flow Portal,"Seattle, WA",https://www.indeed.com/viewjob?jk=828adadab3230156
Data Analyst,SABRE Analysis,"Orlando, FL",https://www.indeed.com/viewjob?jk=e98c3ac48d5a63e3
SAS Python Developer,Next Generation Technology,"McLean, VA",https://www.indeed.com/viewjob?jk=1177a83b6f633b48
Data Quality Engineer,Kespry Inc.,California,https://www.indeed.com/viewjob?jk=4205a9b3265ec331
Research Director,OpenMind,Remote,https://www.indeed.com/viewjob?jk=969bc4bc58b457a4
Software Engineer - Python for Windows - Remote,SaltStack,"Lehi, UT",https://www.indeed.com/viewjob?jk=f6dcfcb393c2d1ba
Data Technician (Full- or Part-Time),Thasos Group,"New York, NY",https://www.indeed.com/viewjob?jk=da727c0cddda240e
Python Developer,Cyber Chasse,United States,https://www.indeed.com/viewjob?jk=c8aaa182fdba1cdb
Full Stack Developer (Early Stage Criminal Justice Reform Startup),JusticeText,"San Francisco, CA",https://www.indeed.com/viewjob?jk=cda024b7bef86c19
Data Scientist,Pilot Flying J,"Knoxville, TN",https://www.indeed.com/viewjob?jk=86c3e46063c31c9e
Software Engineer Summer Internship (REMOTE),Vee Search,New York State,https://www.indeed.com/viewjob?jk=7a463a438ef39d0b
Data Science Intern,myKlovr.com,"New York, NY",https://www.indeed.com/viewjob?jk=646fbacb16fcc3e5
SDET_Media,Tavant,"Denver, CO",https://www.indeed.com/viewjob?jk=79a96f9e254fbc10
Data Scientist,Flipside Crypto,"Boston, MA",https://www.indeed.com/viewjob?jk=14faf390f8303631
MANAGMENT ANALYST 1/2,State of Louisiana,"Baton Rouge, LA",https://www.indeed.com/viewjob?jk=03fec30b3e7f9677
ETF Trader (Equities),SR Investment Partners,"New York, NY",https://www.indeed.com/viewjob?jk=b8f8a79669663e1f
Software Architect with Python/Django (f/m/d),castLabs,"Berlin, OR",https://www.indeed.com/viewjob?jk=8b0f05e0de964751
Python Developer (Up to 25% Profit Sharing Benefit),CACI,"Sterling, VA",https://www.indeed.com/viewjob?jk=897207c17330d254
Jr. FPGA Designer,Wireless Systems Solutions,"Morrisville, NC",https://www.indeed.com/viewjob?jk=78ed9ef7a2d8fe1e
Technician,Quantum Spatial INC,"Corvallis, OR",https://www.indeed.com/viewjob?jk=a5734d3d70d5a237
Entry Level - Full stack developer / Junior Full stack developer,KesarWeb,"California City, CA",https://www.indeed.com/viewjob?jk=75992af81ea98192
Data Analyst,SABRE Analysis,"Orlando, FL",https://www.indeed.com/viewjob?jk=e98c3ac48d5a63e3
SPAC Trader - Hedge Fund,SR Investment Partners,"Greenwich, CT",https://www.indeed.com/viewjob?jk=2537af0cc3e48955
Business Intelligence Intern,Decision First Technologies,"Atlanta, GA",https://www.indeed.com/viewjob?jk=235e6ea57f66371d
Healthcare Analyst - Full Time - Hartford Health,Milliman,"Windsor, CT",https://www.indeed.com/viewjob?jk=46e550166d90d6e5
Business Intelligence Developer,Kohler,"Kohler, WI",https://www.indeed.com/viewjob?jk=85557bc8010ec1de
Email Data Optimization Manager,Suited Connector,"Englewood, CO",https://www.indeed.com/viewjob?jk=b03c008dbc2661ab
Associate Scientist- Consumer Sensory Insights,Nestle Purina PetCare Company,"St. Louis, MO",https://www.indeed.com/viewjob?jk=2d46b4b3af908389
Full StackDeveloper III - Petco Foundation (Remote),Petco,"San Diego, CA",https://www.indeed.com/viewjob?jk=2c8a2e213631b56a
SIGNAL PROCESSING @ L3HARRIS,L3Harris Technologies,United States,https://www.indeed.com/viewjob?jk=6ac7835d4d4ffe16
Software Automation Test Engineer,VET ech,"Plymouth, MI",https://www.indeed.com/viewjob?jk=ee6207454b5d88ac
"Software Engineer, Internships",HEALTHLEVEL,"Mountain View, CA",https://www.indeed.com/viewjob?jk=c0f9c2c5cba61929
Junior Site Reliability Engineer,Ideagen Plc,Remote,https://www.indeed.com/viewjob?jk=1c6a70a6d339ab49
Principal Data Scientist (Full-Time),Aware Healthcare,California,https://www.indeed.com/viewjob?jk=47be204e4347098b
Frontend Developer,Emergere Technologies,"El Paso, TX",https://www.indeed.com/viewjob?jk=41345dc11f7a752e
PYTHON DEVELOPER,Netresolute,"Philadelphia, PA",https://www.indeed.com/viewjob?jk=8071567ea613a1b2
Software Engineer,Microsoft,"Charlotte, NC",https://www.indeed.com/viewjob?jk=75ed67d58aa351b5
International Data and Research Fellow,National Wildlife Federation,"Washington, DC",https://www.indeed.com/viewjob?jk=dacc6ec1f89f9095
WFM - Workforce Analyst,"Amazon Web Services, Inc.","Arlington, VA",https://www.indeed.com/viewjob?jk=dba6c9aa1c10ec4f
Data Integration Engineer,proton.ai,"Boston, MA",https://www.indeed.com/viewjob?jk=9e24a129a3d80905
"Quality Assurance Engineer, Growth",JumpCloud,"Denver, CO",https://www.indeed.com/viewjob?jk=b4b78aebcc7f57a1
Python Software Engineer - Artificial Intelligence - Autonomous Driving,TuSimple,"San Diego, CA",https://www.indeed.com/viewjob?jk=f579647ba36ad6e0
Threat Hunter II,"deepwatch, inc.",Remote,https://www.indeed.com/viewjob?jk=3115440dce388f6c
Blockchain Developer,Valorem Foundation,"New York, NY",https://www.indeed.com/viewjob?jk=0a8bcb5a1efa7266
2020 Internships,Rosenblatt Securities,"New York, NY",https://www.indeed.com/viewjob?jk=771ec6885c33169f
Software Engingeer,TEAMSUPPORT,Remote,https://www.indeed.com/viewjob?jk=33ecc36e9465d0ba
Data Warehouse Analyst,BeiGene,Remote,https://www.indeed.com/viewjob?jk=4fb889570fa2f8bb
Freelance 3D Generalist,MOONDOG ANIMATION STUDIO,"Mount Pleasant, SC",https://www.indeed.com/viewjob?jk=ecb0d24e447f050c
Entry Level UX/UI Developer,Advanced IT Labs Inc.,"Orlando, FL",https://www.indeed.com/viewjob?jk=0c742b27655d1d77
Machine Learning Engineer,Horizon Corp,"San Antonio, TX",https://www.indeed.com/viewjob?jk=049f5a1e2c5259a0
Research Project Assistant,University of Vermont,"Burlington, VT",https://www.indeed.com/viewjob?jk=0f80115ddd0031e5
DEVELOPER I,Mohawk Industries,"Calhoun, GA",https://www.indeed.com/viewjob?jk=69a3a8e8974632df
Content Writer Wordpress Familar Apply,Krafty,"Mobile, AL",https://www.indeed.com/viewjob?jk=5dce6555597df1b7
Data Scientist,Applied Technology & Science (A-T-S),"San Francisco, CA",https://www.indeed.com/viewjob?jk=ba135de96c061c91
Triage Engineer,MongoDB,New York State,https://www.indeed.com/viewjob?jk=17ef2875e1973ec0
Experienced QA Tester,Infostar,"Menlo Park, CA",https://www.indeed.com/viewjob?jk=456f69afa505ee65
Instrumentation and Controls Engineer,Symbrium Inc,"Raleigh, NC",https://www.indeed.com/viewjob?jk=9633ac8e8ba30f4f
Cyber Investigator,Fishtech Group LLC,United States,https://www.indeed.com/viewjob?jk=1cfc777326ae1a31
Software Developer for Image Processing,DRC Techno,United States,https://www.indeed.com/viewjob?jk=736caedcee075cee
"Data Scientist, Analytics, Intern",Facebook,"Menlo Park, CA",https://www.indeed.com/viewjob?jk=e4d63483f6e4d8d6
Data Test Engineer (Python/Data/SQL),CompGain LLC,"Rockville, MD",https://www.indeed.com/viewjob?jk=1cedf104980aa19a
Junior Data Scientist,"Data-Core System, Inc.","Philadelphia, PA",https://www.indeed.com/viewjob?jk=2c87249f9c9868e7
"Product Analyst, Campaigns",HubSpot,"Cambridge, MA",https://www.indeed.com/viewjob?jk=0799d5cea9811e5f
Senior BI Analytics Engineer,Credible,"Durham, NC",https://www.indeed.com/viewjob?jk=25e4d7d3449488aa
"Data Science Online Course Instructor (Part-Time, Contract)",DataCamp,"New York, NY",https://www.indeed.com/viewjob?jk=23b5b7b2a7de4a52
Integrated Water Management Specialist,State of Nebraska,"Lincoln, NE",https://www.indeed.com/viewjob?jk=6ede634cdd9e23c3
Business Innovation - Advisor,CVS Health,Arizona,https://www.indeed.com/viewjob?jk=5de4797814fda619
Full Stack Developer-Remote/WFH,Ozone Consultancy,"Norfolk, VA",https://www.indeed.com/viewjob?jk=f0078af43249c342
Fall 2020 Yield Enhancement Applications Intern,ON Semiconductor,"Gresham, OR",https://www.indeed.com/viewjob?jk=ebafd5906b7fe5e1
Software Engineer,SnapEDA,Remote,https://www.indeed.com/viewjob?jk=12acf54142489b6d
PYTHON DEVELOPER,Nextshift,"Raritan, NJ",https://www.indeed.com/viewjob?jk=1ad4e031a54894fe
Sr. Agronomic Modeler,BASF Corporation,"Research Triangle Park, NC",https://www.indeed.com/viewjob?jk=f4a716a18c8460d0
Business Analyst I,Zulily,"Seattle, WA",https://www.indeed.com/viewjob?jk=834e51ab91f2f2c2
Machining Processes,CCAM,"Disputanta, VA",https://www.indeed.com/viewjob?jk=2a70cc405a1b2a18
Risk Analytics Manager,"Cane Bay Partners VI, LLLP","Saint Croix, VI",https://www.indeed.com/viewjob?jk=c80303a561f7d50e
IT Developer (Full Stack Wordpress Developer),Texas Pride Trailers,"Madisonville, TX",https://www.indeed.com/viewjob?jk=ebb16698c9131ad8
Temporary Engineering Aide/Technician (2020),"Dominion Engineering, Inc.","Reston, VA",https://www.indeed.com/viewjob?jk=6a76dd5246b117f2
Software Engineer to Join a Growing Legal Tech Startup,"BlackBoiler, Inc.","Arlington, VA",https://www.indeed.com/viewjob?jk=9685f31980935c59
"Senior C/C++ Software Engineer, 5+ Years, Robotics/Exoskeletons","Dephy, Inc.","Maynard, MA",https://www.indeed.com/viewjob?jk=781262b4d4211304
Senior Python Developer,eMoney Advisor,Remote,https://www.indeed.com/viewjob?jk=b59a2281d58eefdf
Instructor de JavaScript,Educadores Siglo 21,"San Juan, PR",https://www.indeed.com/viewjob?jk=949c4f19a465b460
Python Developer,Systemonex INC,"New York, NY",https://www.indeed.com/viewjob?jk=261a6748688d29d6
Jr. SOC Analyst,"Solutions Granted, Inc.","Woodbridge, VA",https://www.indeed.com/viewjob?jk=5ce1dc6644bfd70b
GIS Intern,Starry,New York State,https://www.indeed.com/viewjob?jk=f0ddd15fa391e299
Software Engineer (Python),eTek IT Service | Savvysol,"Sunnyvale, CA",https://www.indeed.com/viewjob?jk=a5f806b2673735b6
Python Developer,Mondo,"King of Prussia, PA",https://www.indeed.com/viewjob?jk=dbcb559df256aaef
Python Back End Engineer (Remote-Brazil),Loadsmart,"Brazil, IN",https://www.indeed.com/viewjob?jk=59429dd06c9b2b45
Risk Analyst,Twilio,Georgia,https://www.indeed.com/viewjob?jk=7ecf0cdee5d8286d
Backend Engineer,Cash Flow Portal,"Seattle, WA",https://www.indeed.com/viewjob?jk=828adadab3230156
Data Analyst,SABRE Analysis,"Orlando, FL",https://www.indeed.com/viewjob?jk=e98c3ac48d5a63e3
SAS Python Developer,Next Generation Technology,"McLean, VA",https://www.indeed.com/viewjob?jk=1177a83b6f633b48
Python Developer,Systech Corp,Remote,https://www.indeed.com/viewjob?jk=4d6e2b42ed19c1ec
Data Quality Engineer,Kespry Inc.,California,https://www.indeed.com/viewjob?jk=4205a9b3265ec331
Research Director,OpenMind,Remote,https://www.indeed.com/viewjob?jk=969bc4bc58b457a4
Software Engineer - Python for Windows - Remote,SaltStack,"Lehi, UT",https://www.indeed.com/viewjob?jk=f6dcfcb393c2d1ba
Data Technician (Full- or Part-Time),Thasos Group,"New York, NY",https://www.indeed.com/viewjob?jk=da727c0cddda240e
Python Developer,Cyber Chasse,United States,https://www.indeed.com/viewjob?jk=c8aaa182fdba1cdb
Full Stack Developer (Early Stage Criminal Justice Reform Startup),JusticeText,"San Francisco, CA",https://www.indeed.com/viewjob?jk=cda024b7bef86c19
SDET_Media,Tavant,"Denver, CO",https://www.indeed.com/viewjob?jk=79a96f9e254fbc10
Data Scientist,Flipside Crypto,"Boston, MA",https://www.indeed.com/viewjob?jk=14faf390f8303631
MANAGMENT ANALYST 1/2,State of Louisiana,"Baton Rouge, LA",https://www.indeed.com/viewjob?jk=03fec30b3e7f9677
ETF Trader (Equities),SR Investment Partners,"New York, NY",https://www.indeed.com/viewjob?jk=b8f8a79669663e1f
Software Architect with Python/Django (f/m/d),castLabs,"Berlin, OR",https://www.indeed.com/viewjob?jk=8b0f05e0de964751
Python Developer (Up to 25% Profit Sharing Benefit),CACI,"Sterling, VA",https://www.indeed.com/viewjob?jk=897207c17330d254
Jr. FPGA Designer,Wireless Systems Solutions,"Morrisville, NC",https://www.indeed.com/viewjob?jk=78ed9ef7a2d8fe1e
Technician,Quantum Spatial INC,"Corvallis, OR",https://www.indeed.com/viewjob?jk=a5734d3d70d5a237
Entry Level - Full stack developer / Junior Full stack developer,KesarWeb,"California City, CA",https://www.indeed.com/viewjob?jk=75992af81ea98192
Data Analyst,SABRE Analysis,"Orlando, FL",https://www.indeed.com/viewjob?jk=e98c3ac48d5a63e3
SPAC Trader - Hedge Fund,SR Investment Partners,"Greenwich, CT",https://www.indeed.com/viewjob?jk=2537af0cc3e48955
Business Intelligence Intern,Decision First Technologies,"Atlanta, GA",https://www.indeed.com/viewjob?jk=235e6ea57f66371d
GIS Intern,Starry,New York State,https://www.indeed.com/viewjob?jk=f0ddd15fa391e299
Linux with Python Scripting,Nivid Technologies,"Richardson, TX",https://www.indeed.com/viewjob?jk=84fea15ba64180d7
Data Visualization Specialist,Crunch.io,"Palo Alto, CA",https://www.indeed.com/viewjob?jk=530b6f6617bcd989
Healthcare Analyst - Full Time - Hartford Health,Milliman,"Windsor, CT",https://www.indeed.com/viewjob?jk=46e550166d90d6e5
Business Intelligence Developer,Kohler,"Kohler, WI",https://www.indeed.com/viewjob?jk=85557bc8010ec1de
Email Data Optimization Manager,Suited Connector,"Englewood, CO",https://www.indeed.com/viewjob?jk=b03c008dbc2661ab
Associate Scientist- Consumer Sensory Insights,Nestle Purina PetCare Company,"St. Louis, MO",https://www.indeed.com/viewjob?jk=2d46b4b3af908389
Full StackDeveloper III - Petco Foundation (Remote),Petco,"San Diego, CA",https://www.indeed.com/viewjob?jk=2c8a2e213631b56a
SIGNAL PROCESSING @ L3HARRIS,L3Harris Technologies,United States,https://www.indeed.com/viewjob?jk=6ac7835d4d4ffe16
Software Automation Test Engineer,VET ech,"Plymouth, MI",https://www.indeed.com/viewjob?jk=ee6207454b5d88ac
"Software Engineer, Internships",HEALTHLEVEL,"Mountain View, CA",https://www.indeed.com/viewjob?jk=c0f9c2c5cba61929
Junior Site Reliability Engineer,Ideagen Plc,Remote,https://www.indeed.com/viewjob?jk=1c6a70a6d339ab49
Principal Data Scientist (Full-Time),Aware Healthcare,California,https://www.indeed.com/viewjob?jk=47be204e4347098b
Frontend Developer,Emergere Technologies,"El Paso, TX",https://www.indeed.com/viewjob?jk=41345dc11f7a752e
PYTHON DEVELOPER,Netresolute,"Philadelphia, PA",https://www.indeed.com/viewjob?jk=8071567ea613a1b2
Software Engineer,Microsoft,"Charlotte, NC",https://www.indeed.com/viewjob?jk=75ed67d58aa351b5
International Data and Research Fellow,National Wildlife Federation,"Washington, DC",https://www.indeed.com/viewjob?jk=dacc6ec1f89f9095
WFM - Workforce Analyst,"Amazon Web Services, Inc.","Arlington, VA",https://www.indeed.com/viewjob?jk=dba6c9aa1c10ec4f
Data Integration Engineer,proton.ai,"Boston, MA",https://www.indeed.com/viewjob?jk=9e24a129a3d80905
"Quality Assurance Engineer, Growth",JumpCloud,"Denver, CO",https://www.indeed.com/viewjob?jk=b4b78aebcc7f57a1
Python Software Engineer - Artificial Intelligence - Autonomous Driving,TuSimple,"San Diego, CA",https://www.indeed.com/viewjob?jk=f579647ba36ad6e0
Threat Hunter II,"deepwatch, inc.",Remote,https://www.indeed.com/viewjob?jk=3115440dce388f6c
Blockchain Developer,Valorem Foundation,"New York, NY",https://www.indeed.com/viewjob?jk=0a8bcb5a1efa7266
2020 Internships,Rosenblatt Securities,"New York, NY",https://www.indeed.com/viewjob?jk=771ec6885c33169f
Software Engingeer,TEAMSUPPORT,Remote,https://www.indeed.com/viewjob?jk=33ecc36e9465d0ba
Data Warehouse Analyst,BeiGene,Remote,https://www.indeed.com/viewjob?jk=4fb889570fa2f8bb
Freelance 3D Generalist,MOONDOG ANIMATION STUDIO,"Mount Pleasant, SC",https://www.indeed.com/viewjob?jk=ecb0d24e447f050c
Entry Level UX/UI Developer,Advanced IT Labs Inc.,"Orlando, FL",https://www.indeed.com/viewjob?jk=0c742b27655d1d77
Machine Learning Engineer,Horizon Corp,"San Antonio, TX",https://www.indeed.com/viewjob?jk=049f5a1e2c5259a0
Research Project Assistant,University of Vermont,"Burlington, VT",https://www.indeed.com/viewjob?jk=0f80115ddd0031e5
DEVELOPER I,Mohawk Industries,"Calhoun, GA",https://www.indeed.com/viewjob?jk=69a3a8e8974632df
Content Writer Wordpress Familar Apply,Krafty,"Mobile, AL",https://www.indeed.com/viewjob?jk=5dce6555597df1b7
Data Scientist,Applied Technology & Science (A-T-S),"San Francisco, CA",https://www.indeed.com/viewjob?jk=ba135de96c061c91
Triage Engineer,MongoDB,New York State,https://www.indeed.com/viewjob?jk=17ef2875e1973ec0
Experienced QA Tester,Infostar,"Menlo Park, CA",https://www.indeed.com/viewjob?jk=456f69afa505ee65
Instrumentation and Controls Engineer,Symbrium Inc,"Raleigh, NC",https://www.indeed.com/viewjob?jk=9633ac8e8ba30f4f
Cyber Investigator,Fishtech Group LLC,United States,https://www.indeed.com/viewjob?jk=1cfc777326ae1a31
Software Developer for Image Processing,DRC Techno,United States,https://www.indeed.com/viewjob?jk=736caedcee075cee
"Data Scientist, Analytics, Intern",Facebook,"Menlo Park, CA",https://www.indeed.com/viewjob?jk=e4d63483f6e4d8d6
Data Test Engineer (Python/Data/SQL),CompGain LLC,"Rockville, MD",https://www.indeed.com/viewjob?jk=1cedf104980aa19a
Junior Data Scientist,"Data-Core System, Inc.","Philadelphia, PA",https://www.indeed.com/viewjob?jk=2c87249f9c9868e7
"Product Analyst, Campaigns",HubSpot,"Cambridge, MA",https://www.indeed.com/viewjob?jk=0799d5cea9811e5f
Senior BI Analytics Engineer,Credible,"Durham, NC",https://www.indeed.com/viewjob?jk=25e4d7d3449488aa
"Data Science Online Course Instructor (Part-Time, Contract)",DataCamp,"New York, NY",https://www.indeed.com/viewjob?jk=23b5b7b2a7de4a52
Integrated Water Management Specialist,State of Nebraska,"Lincoln, NE",https://www.indeed.com/viewjob?jk=6ede634cdd9e23c3
Business Innovation - Advisor,CVS Health,Arizona,https://www.indeed.com/viewjob?jk=5de4797814fda619
Full Stack Developer-Remote/WFH,Ozone Consultancy,"Norfolk, VA",https://www.indeed.com/viewjob?jk=f0078af43249c342
Fall 2020 Yield Enhancement Applications Intern,ON Semiconductor,"Gresham, OR",https://www.indeed.com/viewjob?jk=ebafd5906b7fe5e1
Software Engineer,SnapEDA,Remote,https://www.indeed.com/viewjob?jk=12acf54142489b6d
PYTHON DEVELOPER,Nextshift,"Raritan, NJ",https://www.indeed.com/viewjob?jk=1ad4e031a54894fe
Sr. Agronomic Modeler,BASF Corporation,"Research Triangle Park, NC",https://www.indeed.com/viewjob?jk=f4a716a18c8460d0
Business Analyst I,Zulily,"Seattle, WA",https://www.indeed.com/viewjob?jk=834e51ab91f2f2c2
Machining Processes,CCAM,"Disputanta, VA",https://www.indeed.com/viewjob?jk=2a70cc405a1b2a18
Senior Python Developer,eMoney Advisor,Remote,https://www.indeed.com/viewjob?jk=b59a2281d58eefdf
IT Developer (Full Stack Wordpress Developer),Texas Pride Trailers,"Madisonville, TX",https://www.indeed.com/viewjob?jk=ebb16698c9131ad8
Temporary Engineering Aide/Technician (2020),"Dominion Engineering, Inc.","Reston, VA",https://www.indeed.com/viewjob?jk=6a76dd5246b117f2
Software Engineer to Join a Growing Legal Tech Startup,"BlackBoiler, Inc.","Arlington, VA",https://www.indeed.com/viewjob?jk=9685f31980935c59
Jr. Big Data Engineer,Enhance IT,"San Francisco, CA",https://www.indeed.com/viewjob?jk=a801bbd2f46279e8
Risk Analytics Manager,"Cane Bay Partners VI, LLLP","Saint Croix, VI",https://www.indeed.com/viewjob?jk=c80303a561f7d50e
Instructor de JavaScript,Educadores Siglo 21,"San Juan, PR",https://www.indeed.com/viewjob?jk=949c4f19a465b460
Python Developer,Systemonex INC,"New York, NY",https://www.indeed.com/viewjob?jk=261a6748688d29d6
Jr. SOC Analyst,"Solutions Granted, Inc.","Woodbridge, VA",https://www.indeed.com/viewjob?jk=5ce1dc6644bfd70b
